{
	"ProxyRotator": {
		"Port": "1080"
	},
	"Inject": {
		"Enable": true,
		"Type": 2,
		"Port": "8989",
		"Rules": {
			"akamai.net:80": [
				"125.235.36.177"
			]
		},
		"Payload": "",
		"ServerNameIndication": "instagram.fcgk8-1.fna.fbcdn.net",
		"MeekType": 0,
		"Timeout": 5,
		"ShowLog": false
	},
	"PsiphonCore": 4,
	"Psiphon": {
		"CoreName": "psiphon-tunnel-core",
		"Tunnel": 1,
		"Region": "SG",
		"Protocols": [
			"FRONTED-MEEK-HTTP-OSSH",
			"FRONTED-MEEK-OSSH"
		],
		"TunnelWorkers": 6,
		"KuotaDataLimit": 1,
		"Authorizations": []
	}
}